User,Post
user1,post9
user1,post16
user1,post25
user1,post42
user1,post59
user2,post5
user2,post11
user2,post21
user2,post36
user2,post46
user3,post1
user3,post7
user3,post11
user3,post23
user3,post39
user4,post10
user4,post17
user4,post26
user4,post41
user4,post42
user5,post10
user5,post17
user5,post26
user5,post41
user5,post42
user6,post13
user6,post14
user6,post36
user6,post48
user6,post62
user7,post7
user7,post8
user7,post18
user7,post28
user7,post49
user8,post13
user8,post22
user8,post33
user8,post34
user8,post40
user9,post6
user9,post23
user9,post26
user9,post29
user9,post30
user10,post14
user10,post19
user10,post20
user10,post52
user10,post67
user11,post8
user11,post24
user11,post60
user11,post61
user11,post97
user12,post12
user12,post24
user12,post25
user12,post32
user12,post33
user13,post8
user13,post24
user13,post60
user13,post61
user13,post97
user14,post12
user14,post24
user14,post25
user14,post32
user14,post33
user15,post14
user15,post19
user15,post20
user15,post52
user15,post67
user16,post5
user16,post11
user16,post21
user16,post36
user16,post46
user17,post6
user17,post23
user17,post26
user17,post29
user17,post30
user18,post10
user18,post17
user18,post26
user18,post41
user18,post42
user19,post13
user19,post14
user19,post36
user19,post48
user19,post62
user20,post1
user20,post7
user20,post11
user20,post23
user20,post39
user21,post5
user21,post11
user21,post21
user21,post36
user21,post46
user22,post15
user22,post27
user22,post40
user22,post53
user22,post56
user23,post3
user23,post15
user23,post17
user23,post18
user23,post35
user24,post12
user24,post29
user24,post37
user24,post44
user24,post52
user25,post3
user25,post10
user25,post20
user25,post22
user25,post28
user26,post7
user26,post8
user26,post18
user26,post28
user26,post49
user27,post8
user27,post24
user27,post60
user27,post61
user27,post97
user28,post3
user28,post15
user28,post17
user28,post18
user28,post35
user29,post12
user29,post29
user29,post37
user29,post44
user29,post52
user30,post13
user30,post22
user30,post33
user30,post34
user30,post40
user31,post13
user31,post22
user31,post33
user31,post34
user31,post40
user32,post10
user32,post17
user32,post26
user32,post41
user32,post42
user33,post13
user33,post14
user33,post36
user33,post48
user33,post62
user34,post31
user34,post43
user34,post51
user34,post53
user34,post61
user35,post12
user35,post24
user35,post25
user35,post32
user35,post33
user36,post31
user36,post43
user36,post51
user36,post53
user36,post61
user37,post13
user37,post22
user37,post33
user37,post34
user37,post40
user38,post13
user38,post22
user38,post33
user38,post34
user38,post40
user39,post12
user39,post29
user39,post37
user39,post44
user39,post52
user40,post13
user40,post22
user40,post33
user40,post34
user40,post40
user41,post6
user41,post9
user41,post41
user41,post44
user41,post54
user42,post9
user42,post16
user42,post25
user42,post42
user42,post59
user43,post16
user43,post19
user43,post38
user43,post43
user43,post50
user44,post15
user44,post27
user44,post40
user44,post53
user44,post56
user45,post4
user45,post27
user45,post31
user45,post38
user45,post57
user46,post9
user46,post16
user46,post25
user46,post42
user46,post59
user47,post2
user47,post45
user47,post47
user47,post71
user47,post77
user48,post2
user48,post45
user48,post47
user48,post71
user48,post77
user49,post3
user49,post10
user49,post20
user49,post22
user49,post28
user50,post16
user50,post19
user50,post38
user50,post43
user50,post50
user51,post1
user51,post2
user51,post4
user51,post5
user51,post21
user52,post13
user52,post14
user52,post36
user52,post48
user52,post62
user53,post31
user53,post43
user53,post51
user53,post53
user53,post61
user54,post4
user54,post27
user54,post31
user54,post38
user54,post57
user55,post7
user55,post8
user55,post18
user55,post28
user55,post49
user56,post34
user56,post57
user56,post81
user56,post82
user56,post90
user57,post34
user57,post57
user57,post81
user57,post82
user57,post90
user58,post4
user58,post27
user58,post31
user58,post38
user58,post57
user59,post13
user59,post14
user59,post36
user59,post48
user59,post62
user60,post1
user60,post7
user60,post11
user60,post23
user60,post39
user61,post10
user61,post17
user61,post26
user61,post41
user61,post42
user62,post6
user62,post9
user62,post41
user62,post44
user62,post54
user63,post34
user63,post57
user63,post81
user63,post82
user63,post90
user64,post13
user64,post14
user64,post36
user64,post48
user64,post62
user65,post1
user65,post7
user65,post11
user65,post23
user65,post39
user66,post15
user66,post27
user66,post40
user66,post53
user66,post56
user67,post15
user67,post27
user67,post40
user67,post53
user67,post56
user68,post5
user68,post11
user68,post21
user68,post36
user68,post46
user69,post14
user69,post19
user69,post20
user69,post52
user69,post67
user70,post2
user70,post45
user70,post47
user70,post71
user70,post77
user71,post13
user71,post14
user71,post36
user71,post48
user71,post62
user72,post31
user72,post43
user72,post51
user72,post53
user72,post61
user73,post3
user73,post10
user73,post20
user73,post22
user73,post28
user74,post6
user74,post9
user74,post41
user74,post44
user74,post54
user75,post10
user75,post17
user75,post26
user75,post41
user75,post42
user76,post12
user76,post29
user76,post37
user76,post44
user76,post52
user77,post4
user77,post27
user77,post31
user77,post38
user77,post57
user78,post9
user78,post16
user78,post25
user78,post42
user78,post59
user79,post31
user79,post43
user79,post51
user79,post53
user79,post61
user80,post10
user80,post17
user80,post26
user80,post41
user80,post42
user81,post1
user81,post2
user81,post4
user81,post5
user81,post21
user82,post6
user82,post23
user82,post26
user82,post29
user82,post30
user83,post2
user83,post45
user83,post47
user83,post71
user83,post77
user84,post4
user84,post27
user84,post31
user84,post38
user84,post57
user85,post5
user85,post11
user85,post21
user85,post36
user85,post46
user86,post34
user86,post57
user86,post81
user86,post82
user86,post90
user87,post5
user87,post11
user87,post21
user87,post36
user87,post46
user88,post3
user88,post10
user88,post20
user88,post22
user88,post28
user89,post9
user89,post16
user89,post25
user89,post42
user89,post59
user90,post31
user90,post43
user90,post51
user90,post53
user90,post61
user91,post3
user91,post10
user91,post20
user91,post22
user91,post28
user92,post13
user92,post14
user92,post36
user92,post48
user92,post62
user93,post8
user93,post24
user93,post60
user93,post61
user93,post97
user94,post1
user94,post2
user94,post4
user94,post5
user94,post21
user95,post4
user95,post27
user95,post31
user95,post38
user95,post57
user96,post6
user96,post9
user96,post41
user96,post44
user96,post54
user97,post14
user97,post19
user97,post20
user97,post52
user97,post67
user98,post5
user98,post11
user98,post21
user98,post36
user98,post46
user99,post14
user99,post19
user99,post20
user99,post52
user99,post67
user100,post6
user100,post9
user100,post41
user100,post44
user100,post54
